<application>
  <component name="LocalDatabaseDriverManager" version="201">
    <driver id="cassandra">
      <artifact id="Cassandra" name="Cassandra" use="true" version="1.4" />
    </driver>
    <driver id="mariadb" dialect="MySQL">
      <artifact id="MariaDB Connector J" name="MariaDB Connector J" use="true" version="2.7.3" />
    </driver>
    <driver id="mysql.8">
      <artifact />
      <artifact id="MySQL ConnectorJ" name="MySQL ConnectorJ" use="true" version="8.0.25" />
    </driver>
  </component>
</application>