<application>
  <component name="FileTypeManager" version="18">
    <extensionMap>
      <mapping pattern="testi" type="AUTO_DETECTED" />
      <mapping pattern="NOTES" type="AUTO_DETECTED" />
      <mapping pattern="TODO" type="AUTO_DETECTED" />
      <mapping ext="blade,php" type="Blade" />
      <mapping pattern="stores" type="PHP" />
      <mapping pattern=".gitkeep" type="PLAIN_TEXT" />
      <mapping pattern="solo" type="PLAIN_TEXT" />
      <mapping ext="config" type="PLAIN_TEXT" />
      <mapping ext="example" type="PLAIN_TEXT" />
      <mapping ext="lol" type="PLAIN_TEXT" />
      <mapping pattern="store_form" type="Twig" />
      <mapping pattern="shipment_tracking" type="Twig" />
      <mapping pattern="test" type="Twig" />
      <mapping pattern="temp" type="Twig" />
      <mapping pattern="tax_special_country_form" type="Twig" />
      <removed_mapping ext="bat" approved="true" type="PLAIN_TEXT" />
      <removed_mapping ext="cmd" approved="true" type="PLAIN_TEXT" />
      <removed_mapping ext="dockerfile" approved="true" type="textmate" />
      <removed_mapping ext="log" approved="true" type="ANSI Aware" />
      <removed_mapping ext="makefile" approved="true" type="textmate" />
      <removed_mapping ext="snakefile" approved="true" type="textmate" />
    </extensionMap>
  </component>
</application>