<application>
  <component name="GeneralSettings">
    <option name="confirmExit" value="false" />
    <option name="processCloseConfirmation" value="TERMINATE" />
    <option name="showTipsOnStartup" value="false" />
  </component>
  <component name="Registry">
    <entry key="ide.balloon.shadow.size" value="0" />
    <entry key="ide.tree.ui.experimental" value="false" />
    <entry key="suggest.all.run.configurations.from.context" value="true" />
    <entry key="go.run.processes.with.pty" value="false" />
    <entry key="ide.intellij.laf.enable.animation" value="true" />
  </component>
</application>