<application>
  <component name="LanguageInjectionConfiguration">
    <injection language="SQL" injector-id="php">
      <display-name>&quot;SQL select/delete/insert/update/create&quot;</display-name>
      <place><![CDATA[and(not(phpLiteralExpression("DQL")), phpLiteralMatchesBrics(" *(((SELECT|DELETE) .*FROM)|((INSERT|REPLACE) .*INTO)|(UPDATE ~(.*[A-Za-z_][A-Za-z0-9_]*(\\\\|:)[A-Za-z_].*) SET)|(UPDATE )|((CREATE|DROP|ALTER) +((TEMPORARY )?TABLE|(UNIQUE )?INDEX))) ~(.*[A-Za-z_][A-Za-z0-9_]*(\\\\|:)[A-Za-z_].*)"))]]></place>
    </injection>
  </component>
</application>