<application>
  <component name="SshConfigs">
    <configs>
      <sshConfig authType="PASSWORD" connectionConfig="{&quot;serverAliveInterval&quot;:300}" host="tv-cas-dev-01" id="f2a4011f-8216-4414-95e9-5de30ae20549" port="22" customName="tv-cas-dev-01" nameFormat="CUSTOM" username="rzauls1">
        <option name="customName" value="tv-cas-dev-01" />
      </sshConfig>
      <sshConfig authType="PASSWORD" host="tv-cas-prd-01" id="5d2ea987-6825-417d-8560-bf4e9d3427b0" port="22" customName="tv-cas-prd-01" nameFormat="CUSTOM" username="rzauls1">
        <option name="customName" value="tv-cas-prd-01" />
      </sshConfig>
      <sshConfig authType="PASSWORD" host="tv-cas-tst-01" id="449a867c-813f-4701-bfed-305661ba723c" port="22" customName="tv-cas-tst-01" nameFormat="CUSTOM" username="rzauls1">
        <option name="customName" value="tv-cas-tst-01" />
      </sshConfig>
    </configs>
  </component>
</application>