<keymap version="1" name="rz_phpstorm_keymap_2019" parent="$default">
  <action id="ActivateDatabaseToolWindow">
    <keyboard-shortcut first-keystroke="alt 4" />
  </action>
  <action id="ActivateFavoritesToolWindow">
    <keyboard-shortcut first-keystroke="alt 7" />
  </action>
  <action id="ActivateFindToolWindow" />
  <action id="ActivateRunToolWindow" />
  <action id="ActivateStructureToolWindow" />
  <action id="ActivateTerminalToolWindow">
    <keyboard-shortcut first-keystroke="alt f12" />
    <keyboard-shortcut first-keystroke="ctrl back_quote" />
  </action>
  <action id="ActivateVersionControlToolWindow">
    <keyboard-shortcut first-keystroke="alt 9" />
    <keyboard-shortcut first-keystroke="shift alt 9" />
    <keyboard-shortcut first-keystroke="alt 3" />
  </action>
  <action id="Arrangement.Alias.Rule.Edit" />
  <action id="Arrangement.Rule.Edit" />
  <action id="BookmarksView.Rename" />
  <action id="ChangesView.GroupBy.Directory" />
  <action id="ChangesView.Rename">
    <keyboard-shortcut first-keystroke="shift f6" />
  </action>
  <action id="ChangesView.ShelveSilently" />
  <action id="ChangesView.ToggleCommitUi" />
  <action id="CheckinProject" />
  <action id="ChooseRunConfiguration">
    <keyboard-shortcut first-keystroke="shift alt f10" />
    <keyboard-shortcut first-keystroke="alt 2" />
  </action>
  <action id="CloseContent">
    <keyboard-shortcut first-keystroke="ctrl f4" />
    <keyboard-shortcut first-keystroke="ctrl w" />
  </action>
  <action id="CompareTwoFiles" />
  <action id="Console.TableResult.CompareCells" />
  <action id="Console.TableResult.EditValue">
    <keyboard-shortcut first-keystroke="enter" />
    <keyboard-shortcut first-keystroke="alt enter" />
  </action>
  <action id="DecrementWindowHeight" />
  <action id="Diff.NextChange" />
  <action id="Diff.PrevChange" />
  <action id="Diff.ShowDiff" />
  <action id="Diff.ShowSettingsPopup" />
  <action id="EditorBackwardParagraph">
    <keyboard-shortcut first-keystroke="alt open_bracket" />
  </action>
  <action id="EditorBackwardParagraphWithSelection">
    <keyboard-shortcut first-keystroke="shift alt open_bracket" />
  </action>
  <action id="EditorDeleteLine">
    <keyboard-shortcut first-keystroke="ctrl y" />
    <keyboard-shortcut first-keystroke="shift ctrl k" />
  </action>
  <action id="EditorDuplicate">
    <keyboard-shortcut first-keystroke="shift alt down" />
  </action>
  <action id="EditorForwardParagraph">
    <keyboard-shortcut first-keystroke="alt close_bracket" />
  </action>
  <action id="EditorForwardParagraphWithSelection">
    <keyboard-shortcut first-keystroke="shift alt close_bracket" />
  </action>
  <action id="EditorMoveToPageBottom" />
  <action id="EditorMoveToPageTop" />
  <action id="EditorSelectWord">
    <keyboard-shortcut first-keystroke="ctrl d" />
  </action>
  <action id="EditorToggleCase" />
  <action id="EditorUnSelectWord">
    <keyboard-shortcut first-keystroke="shift ctrl w" />
    <keyboard-shortcut first-keystroke="shift ctrl d" />
  </action>
  <action id="EmmetNextEditPoint" />
  <action id="EmmetPreviousEditPoint" />
  <action id="ExpandAllRegions">
    <keyboard-shortcut first-keystroke="shift ctrl add" />
  </action>
  <action id="ExpressionTypeInfo" />
  <action id="FileChooser.GotoDesktop" />
  <action id="FileChooser.TogglePathShowing" />
  <action id="FileStructurePopup">
    <keyboard-shortcut first-keystroke="ctrl o" />
  </action>
  <action id="Git.Commit.Stage" />
  <action id="Git.Rename.Local.Branch">
    <keyboard-shortcut first-keystroke="shift f6" />
  </action>
  <action id="Git.Reword.Commit">
    <keyboard-shortcut first-keystroke="shift f6" />
  </action>
  <action id="GotoAction">
    <keyboard-shortcut first-keystroke="shift ctrl a" />
    <keyboard-shortcut first-keystroke="shift ctrl p" />
  </action>
  <action id="GotoFile">
    <keyboard-shortcut first-keystroke="shift ctrl n" />
    <keyboard-shortcut first-keystroke="ctrl p" />
  </action>
  <action id="GotoNextBookmark">
    <keyboard-shortcut first-keystroke="ctrl page_down" />
  </action>
  <action id="GotoNextError">
    <keyboard-shortcut first-keystroke="f2" />
    <keyboard-shortcut first-keystroke="shift ctrl u" />
  </action>
  <action id="GotoPreviousBookmark">
    <keyboard-shortcut first-keystroke="ctrl page_up" />
  </action>
  <action id="IncrementWindowHeight" />
  <action id="JumpToNextChange">
    <keyboard-shortcut first-keystroke="shift ctrl equals" />
  </action>
  <action id="MethodHierarchy" />
  <action id="MethodHierarchy.BaseOnThisMethod" />
  <action id="MoveLineDown">
    <keyboard-shortcut first-keystroke="shift ctrl down" />
  </action>
  <action id="MoveLineUp">
    <keyboard-shortcut first-keystroke="shift ctrl up" />
  </action>
  <action id="MoveStatementDown" />
  <action id="MoveStatementUp" />
  <action id="MoveTabDown">
    <keyboard-shortcut first-keystroke="shift alt minus" />
  </action>
  <action id="MoveTabRight">
    <keyboard-shortcut first-keystroke="shift alt equals" />
  </action>
  <action id="NextSplitter">
    <keyboard-shortcut first-keystroke="alt right" />
  </action>
  <action id="NextTab" />
  <action id="OverrideMethods" />
  <action id="ParameterInfo" />
  <action id="PasteMultiple">
    <keyboard-shortcut first-keystroke="shift ctrl insert" />
  </action>
  <action id="PrevSplitter">
    <keyboard-shortcut first-keystroke="alt left" />
  </action>
  <action id="PreviousTab" />
  <action id="QuickChangeScheme" />
  <action id="RemoteHostView.Rename">
    <keyboard-shortcut first-keystroke="shift f6" />
  </action>
  <action id="ResetColumnsWidth" />
  <action id="ResizeToolWindowDown" />
  <action id="ResizeToolWindowUp" />
  <action id="SendEOF" />
  <action id="ShelveChanges.UnshelveWithDialog" />
  <action id="ShelvedChanges.Rename">
    <keyboard-shortcut first-keystroke="shift f6" />
  </action>
  <action id="Table-startEditing" />
  <action id="TodoViewGroupByShowPackages" />
  <action id="Tree-startEditing" />
  <action id="Uml.ShowDiff" />
  <action id="Unsplit">
    <keyboard-shortcut first-keystroke="shift ctrl alt equals" />
  </action>
  <action id="Vcs.Push" />
  <action id="Vcs.ShowTabbedFileHistory">
    <keyboard-shortcut first-keystroke="shift ctrl h" />
  </action>
  <action id="VimPluginToggle">
    <keyboard-shortcut first-keystroke="ctrl k" second-keystroke="shift ctrl v" />
  </action>
  <action id="XDebugger.EditWatch" />
  <action id="XDebugger.SetValue" />
  <action id="openAssertEqualsDiff" />
  <action id="org.intellij.plugins.markdown.ui.actions.styling.MarkdownCreateLinkAction" />
</keymap>